{"loss":1.9977577553192774,"root_mean_squared_error":2.2040767669677734,"val_loss":1.8965997695922852,"val_root_mean_squared_error":2.267988681793213,"_timestamp":1.7497439258659418e+09,"_runtime":115.672329634,"_step":199,"_wandb":{"runtime":115}}