{"_step":126,"_wandb":{"runtime":203},"loss":0.41165802326249823,"root_mean_squared_error":49.59397888183594,"val_loss":0.2002710923552513,"val_root_mean_squared_error":64.12364959716797,"_timestamp":1.7497974991700318e+09,"_runtime":202.837981095}