{"loss":1.7604551887512208,"top_k_acc":0.865,"val_loss":0.3540753126144409,"_wandb":{"runtime":23},"val_top_k_acc":1,"_timestamp":1.7496187849175456e+09,"_runtime":22.770080824,"_step":24}