{"_step":597,"loss":0.10457950585948483,"root_mean_squared_error":0.230645552277565,"val_loss":0.03318201005458832,"val_root_mean_squared_error":0.18215930461883545,"_wandb":{"runtime":321},"_timestamp":1.7497446199091096e+09,"_runtime":321.413795183}