{"root_mean_squared_error":2.056323289871216,"val_loss":1.93557870388031,"val_root_mean_squared_error":2.032069444656372,"_timestamp":1.7497437544480112e+09,"_runtime":90.971386238,"_step":131,"_wandb":{"runtime":90},"loss":2.034694807999062}