{"_step":126,"_wandb":{"runtime":197},"loss":0.41165802326249823,"top_k_acc":0.9754468995406433,"val_loss":0.2002710923552513,"val_top_k_acc":0.9970588235294118,"_timestamp":1.7498062719427593e+09,"_runtime":197.459407231}