{"_wandb":{"runtime":7},"val_top_k_acc":0.269187675070028,"_timestamp":1.7498056416354265e+09,"_runtime":7.30581734,"_step":0,"loss":3.1787337931719692,"top_k_acc":0.27207928340003823,"val_loss":3.3859119555529427}