{"_timestamp":1.749798074640579e+09,"_runtime":195.121464697,"_step":126,"loss":0.41165802326249823,"top_k_acc":0.9754468995406433,"_wandb":{"runtime":195},"val_loss":0.2002710923552513,"val_top_k_acc":0.9970588235294118}