{"val_loss":3.3859119555529427,"val_top_k_acc":0.269187675070028,"_timestamp":1.7498059856603541e+09,"_runtime":8.036992303,"_step":0,"_wandb":{"runtime":9},"loss":3.1787337931719692,"top_k_acc":0.27207928340003823}