{"top_k_acc":0.977364987785229,"val_loss":0.2886487859136918,"_wandb":{"runtime":969},"val_top_k_acc":0.9941176470588234,"_timestamp":1.7496285157010376e+09,"_runtime":969.432263907,"_step":142,"loss":0.39215535534224877}