{"_wandb":{"runtime":178},"_step":368,"loss":0.13858656502137837,"root_mean_squared_error":0.24755865335464478,"val_loss":0.0324377603828907,"val_root_mean_squared_error":0.18010486662387848,"_timestamp":1.7498002093796005e+09,"_runtime":178.591770569}